{"cameraMode":{"drawMode":0,"name":"Shaded","section":"Shading Mode"},"sceneLighting":false,"audioPlay":false,"sceneViewState":{"showFog":true,"showMaterialUpdate":false,"showSkybox":true,"showFlares":true,"showImageEffects":true,"showParticleSystems":true},"in2DMode":false,"pivot":{"x":2.314950466156006,"y":-1.3671875,"z":-0.8204441666603088},"rotation":{"x":-0.2085174173116684,"y":-0.7438473105430603,"z":0.269840806722641,"w":-0.5748022198677063},"size":14.67449951171875,"orthographic":true}